{"cameraMode":{"drawMode":0,"name":"Shaded","section":"Shading Mode"},"sceneLighting":false,"audioPlay":false,"sceneViewState":{"showFog":true,"showMaterialUpdate":false,"showSkybox":true,"showFlares":true,"showImageEffects":true,"showParticleSystems":true},"in2DMode":false,"pivot":{"x":-0.1899999976158142,"y":1.0,"z":-10.84000015258789},"rotation":{"x":0.27573883533477785,"y":-0.44502174854278567,"z":0.14619141817092896,"w":0.8393765687942505},"size":2.5655643939971926,"orthographic":false}