{"cameraMode":{"drawMode":0,"name":"Shaded","section":"Shading Mode"},"sceneLighting":true,"audioPlay":false,"sceneViewState":{"showFog":true,"showMaterialUpdate":false,"showSkybox":true,"showFlares":true,"showImageEffects":true,"showParticleSystems":true},"in2DMode":false,"pivot":{"x":3.9755496978759767,"y":7.902585983276367,"z":10.902382850646973},"rotation":{"x":0.2117464542388916,"y":-0.4084552228450775,"z":0.09800978004932404,"w":0.8824517726898193},"size":44.31429672241211,"orthographic":false}