{"cameraMode":{"drawMode":0,"name":"Shaded","section":"Shading Mode"},"sceneLighting":true,"audioPlay":false,"sceneViewState":{"showFog":true,"showMaterialUpdate":false,"showSkybox":true,"showFlares":true,"showImageEffects":true,"showParticleSystems":true},"in2DMode":false,"pivot":{"x":303.69708251953127,"y":213.1123504638672,"z":2.7791748046875},"rotation":{"x":-0.029811978340148927,"y":-0.11041849851608277,"z":0.0033138252329081299,"w":-0.9934340119361877},"size":646.47607421875,"orthographic":false}